,Split type,Tuning type,Set of features,RMSE,MAE
0,chronological,default,full,0.7426483297475868,0.45733443621378106
1,random,default,full,0.573386434439829,0.35677071337754784
2,chronological,Ridge,full,0.7620067134399765,0.47561249679478823
3,chronological,Lasso,full,0.6959091139931448,0.4541439169065733
4,random,Ridge,full,0.5850673331155731,0.3540163305555901
5,random,Lasso,full,0.561962212624408,0.34999105241686596
