,Split type,Tuning type,Set of features,RMSE,MAE
0,chronological,default,full,0.6818636778724411,0.45392465761229595
1,random,default,full,0.5756217250460968,0.393046363540087
2,chronological,Ridge,full,0.6692414951396568,0.4560103304280924
3,chronological,Lasso,full,0.6683923956058853,0.4532193973776203
4,random,Ridge,full,0.5759678830550508,0.3897396433853546
5,random,Lasso,full,0.5761153381372227,0.3898686246901638
