{"Split type":{"0":"chronological","1":"random","2":"chronological","3":"chronological","4":"random","5":"random"},"Tuning type":{"0":"normal","1":"normal","2":"Ridge","3":"Lasso","4":"Ridge","5":"Lasso"},"Number of characteristics":{"0":13,"1":13,"2":13,"3":13,"4":13,"5":13},"MSE":{"0":0.35347491,"1":0.3256841619,"2":0.3613282338,"3":0.3541461922,"4":0.3268337237,"5":0.325505282},"RMSE":{"0":0.5945375598,"1":0.5706874468,"2":0.6011058424,"3":0.5951018335,"4":0.5716937324,"5":0.5705307021},"MAE":{"0":0.338666019,"1":0.2926750675,"2":0.4416328607,"3":0.4358585165,"4":0.3800434811,"5":0.3816396948}}