,Split type,Tuning type,Set of features,RMSE,MAE
0,chronological,default,expanded,0.7410455939513227,0.47763892597875646
1,random,default,expanded,0.6293425404373909,0.41788751304878163
2,chronological,Ridge,expanded,0.7169357632006758,0.4714666334781932
3,chronological,Lasso,expanded,0.7131249272205807,0.47457054375975605
4,random,Ridge,expanded,0.6314914479965632,0.4183704619756337
5,random,Lasso,expanded,0.6367242972392765,0.4217613497055173
