,Split type,Tuning type,Set of features,RMSE,MAE
0,chronological,default,expanded,0.5945375598129106,0.43819558035600753
1,random,default,expanded,0.5706874467774461,0.38203859896703024
2,chronological,Ridge,expanded,0.6011058424169738,0.44163286065027285
3,chronological,Lasso,expanded,0.5951018334638681,0.4358585164944856
4,random,Ridge,expanded,0.571693732446797,0.3800434811270872
5,random,Lasso,expanded,0.5705307020610736,0.3816396947991832
