{"Split type":{"0":"chronological","1":"random","2":"chronological","3":"chronological","4":"random","5":"random"},"Tuning type":{"0":"normal","1":"normal","2":"Ridge","3":"Lasso","4":"Ridge","5":"Lasso"},"Number of characteristics":{"0":8,"1":8,"2":8,"3":8,"4":8,"5":8},"MSE":{"0":0.8980375722,"1":0.6799642837,"2":0.9148108202,"3":0.9099141468,"4":0.68073613,"5":0.6781738192},"RMSE":{"0":0.9476484434,"1":0.8245994687,"2":0.9564574325,"3":0.953894201,"4":0.8250673487,"5":0.8235130959},"MAE":{"0":0.6739576311,"1":0.5384892626,"2":0.6779797529,"3":0.6776651688,"4":0.5381927358,"5":0.5358958527}}