,Split type,Tuning type,Set of features,RMSE,MAE
0,chronological,default,basic,0.9885654770936078,0.667661667366445
1,random,default,basic,0.8849949735309743,0.590223105970302
2,chronological,Ridge,basic,0.9888845807336111,0.6693584335881296
3,chronological,Lasso,basic,0.9884711034805891,0.6647334720496001
4,random,Ridge,basic,0.8849959040076646,0.5903405896342119
5,random,Lasso,basic,0.8860483468980088,0.5904824248856659
