,Split type,Tuning type,Set of features,RMSE,MAE
0,chronological,default,expanded,0.7410455939513227,0.4776389259787565
1,random,default,expanded,0.6293425404373909,0.4178875130487815
2,chronological,Ridge,expanded,0.7169357632076829,0.4714666334884671
3,chronological,Lasso,expanded,0.7131249272205809,0.47457054375975616
4,random,Ridge,expanded,0.6314914479966418,0.4183704619756966
5,random,Lasso,expanded,0.6367242972392765,0.4217613497055173
