,Split type,Tuning type,Set of features,RMSE,MAE
0,chronological,default,basic,0.9476484433645376,0.6739576310535512
1,random,default,basic,0.8245994686517397,0.538489262615139
2,chronological,Ridge,basic,0.9564574325240097,0.6779797528657967
3,chronological,Lasso,basic,0.9538942010348176,0.6776651688360512
4,random,Ridge,basic,0.8250673487425972,0.5381927358195984
5,random,Lasso,basic,0.8235130959264513,0.5358958526552161
