{"Split type":{"0":"chronological","1":"random","2":"chronological","3":"chronological","4":"random","5":"random"},"Tuning type":{"0":"normal","1":"normal","2":"Ridge","3":"Lasso","4":"Ridge","5":"Lasso"},"Number of characteristics":{"0":8,"1":8,"2":8,"3":8,"4":8,"5":8},"MSE":{"0":0.5515265417,"1":0.3287720032,"2":0.5806542313,"3":0.4824871661,"4":0.3423037843,"5":0.3152806079},"RMSE":{"0":0.7426483297,"1":0.5733864344,"2":0.7620067134,"3":0.6946129614,"4":0.5850673331,"5":0.5614985377},"MAE":{"0":0.4573344362,"1":0.3567707134,"2":0.4756124968,"3":0.45361264,"4":0.3540163306,"5":0.349795009}}