,Split type,Tuning type,Set of features,RMSE,MAE
0,chronological,default,basic,0.988565477093608,0.6676616673664455
1,random,default,basic,0.8849949735309748,0.5902231059703019
2,chronological,Ridge,basic,0.9888845807335422,0.6693584335880097
3,chronological,Lasso,basic,0.9884711034805894,0.6647334720496004
4,random,Ridge,basic,0.8849959040102072,0.5903405896337315
5,random,Lasso,basic,0.8860483468980088,0.5904824248856659
