,Split type,Tuning type,Set of features,RMSE,MAE
0,chronological,default,full,0.6818636778724373,0.45392465761229095
1,random,default,full,0.575621725046097,0.39304636354008593
2,chronological,Ridge,full,0.6692414951379699,0.45601033042636213
3,chronological,Lasso,full,0.6684743160774589,0.4533108354271985
4,random,Ridge,full,0.575967883054972,0.3897396433853023
5,random,Lasso,full,0.5760124645525039,0.3898170968574981
