{"Split type":{"0":"chronological","1":"random","2":"chronological","3":"chronological","4":"random","5":"random"},"Tuning type":{"0":"normal","1":"normal","2":"Ridge","3":"Lasso","4":"Ridge","5":"Lasso"},"Number of characteristics":{"0":50,"1":50,"2":50,"3":50,"4":50,"5":50},"MSE":{"0":0.5515265417,"1":0.3287720032,"2":0.5806542313,"3":0.4852852574,"4":0.3423037843,"5":0.3158874299},"RMSE":{"0":0.7426483297,"1":0.5733864344,"2":0.7620067134,"3":0.6966241866,"4":0.5850673331,"5":0.5620386374},"MAE":{"0":0.3128606131,"1":0.2711165147,"2":0.4756124968,"3":0.4543380927,"4":0.3540163306,"5":0.3498993243}}