,Split type,Tuning type,Set of features,RMSE,MAE
0,chronological,default,full,0.7426483297475841,0.457334436213776
1,random,default,full,0.5733864344398304,0.356770713377548
2,chronological,Ridge,full,0.7620067134405866,0.4756124967959527
3,chronological,Lasso,full,0.6961848909201644,0.4543655051815575
4,random,Ridge,full,0.5850673331161703,0.354016330555269
5,random,Lasso,full,0.5614240835617014,0.3499991928850347
