{"Split type":{"0":"chronological","1":"random","2":"chronological","3":"chronological","4":"random","5":"random"},"Tuning type":{"0":"normal","1":"normal","2":"Ridge","3":"Lasso","4":"Ridge","5":"Lasso"},"Number of characteristics":{"0":50,"1":50,"2":50,"3":50,"4":50,"5":50},"MSE":{"0":0.5515265417,"1":0.3287720032,"2":0.5806542313,"3":0.4847194178,"4":0.3423037843,"5":0.3155369004},"RMSE":{"0":0.7426483297,"1":0.5733864344,"2":0.7620067134,"3":0.6962179384,"4":0.5850673331,"5":0.5617267132},"MAE":{"0":0.4573344362,"1":0.3567707134,"2":0.4756124968,"3":0.454244092,"4":0.3540163306,"5":0.3496349401}}