,Split type,Tuning type,Set of features,RMSE,MAE
0,chronological,default,expanded,0.594537559812911,0.4381955803560086
1,random,default,expanded,0.5706874467774459,0.38203859896702985
2,chronological,Ridge,expanded,0.6011058424158824,0.441632860648867
3,chronological,Lasso,expanded,0.5951018334638677,0.4358585164944853
4,random,Ridge,expanded,0.5716937324486391,0.38004348112600633
5,random,Lasso,expanded,0.5705307020610738,0.3816396947991832
