,Split type,Tuning type,Set of features,RMSE,MAE
0,chronological,default,full,0.7426483297475822,0.457334436213773
1,random,default,full,0.573386434439833,0.35677071337754707
2,chronological,Ridge,full,0.762006713438574,0.4756124967921813
3,chronological,Lasso,full,0.6980301378777317,0.4547560242913312
4,random,Ridge,full,0.5850673331157091,0.3540163305557945
5,random,Lasso,full,0.5617331975468789,0.3500907531106597
