,Split type,Tuning type,Set of features,RMSE,MAE
0,chronological,default,full,0.9656616323875059,0.46351677289150933
1,chronological,Optuna,full,0.678976338579896,0.38935097332987334
2,random,default,full,0.3713486802933266,0.24673741562388074
3,random,Optuna,full,0.3127729942177565,0.21970530730896592
