{"Split type":{"0":"chronological","1":"chronological","2":"random","3":"random"},"Tuning type":{"0":"normal","1":"Optuna","2":"normal","3":"Optuna"},"Number of characteristics":{"0":13,"1":13,"2":13,"3":13},"MSE":{"0":0.2608660994,"1":0.1933953723,"2":0.1481114476,"3":0.114575764},"RMSE":{"0":0.5107505256,"1":0.4397674071,"2":0.3848525011,"3":0.3384904194},"MAE":{"0":0.3571767108,"1":0.3123977764,"2":0.2672732635,"3":0.2355778884}}