{"Split type":{"0":"chronological","1":"chronological","2":"random","3":"random"},"Tuning type":{"0":"normal","1":"Optuna","2":"normal","3":"Optuna"},"Number of characteristics":{"0":50,"1":50,"2":50,"3":50},"MSE":{"0":0.9135441095,"1":0.7694514904,"2":0.1378998424,"3":0.0977335675},"RMSE":{"0":0.9557950144,"1":0.8771838407,"2":0.3713486803,"3":0.3126236835},"MAE":{"0":0.4596302786,"1":0.4410603951,"2":0.2467374156,"3":0.221937632}}