{"Split type":{"0":"chronological","1":"chronological","2":"random","3":"random"},"Tuning type":{"0":"normal","1":"Optuna","2":"normal","3":"Optuna"},"Number of characteristics":{"0":50,"1":50,"2":50,"3":50},"MSE":{"0":0.9135326288,"1":0.5607748707,"2":0.1378998424,"3":0.1107471345},"RMSE":{"0":0.9557890085,"1":0.7488490306,"2":0.3713486803,"3":0.3327869206},"MAE":{"0":0.4596187045,"1":0.4099027356,"2":0.2467374156,"3":0.2260689478}}