{"Split type":{"0":"chronological","1":"chronological","3":"random","4":"random"},"Tuning type":{"0":"normal","1":"Optuna","3":"normal","4":"Optuna"},"Number of characteristics":{"0":13,"1":13,"3":13,"4":13},"MSE":{"0":0.2608660994,"1":0.2139017212,"3":0.1481114476,"4":0.1230209635},"RMSE":{"0":0.5107505256,"1":0.4624951039,"3":0.3848525011,"4":0.350743444},"MAE":{"0":0.3571767108,"1":0.3375889911,"3":0.2672732635,"4":0.2420314921}}