,Split type,Tuning type,Set of features,RMSE,MAE
0,chronological,default,full,0.5965379142657692,0.3609689660330905
1,chronological,Optuna,full,0.5743380940779343,0.35901835473771604
2,random,default,full,0.5962112315227349,0.3109366125051755
3,random,Optuna,full,0.5478955636410207,0.28516173990102267
