,Split type,Tuning type,Set of features,RMSE,MAE
0,chronological,default,expanded,0.6142767681719958,0.37685863965998856
1,chronological,Optuna,expanded,0.5749697663777491,0.37160860825867614
2,random,default,expanded,0.4167491616200953,0.2779239343031405
3,random,Optuna,expanded,0.42496620762803416,0.2756618046694045
