{"Split type":{"0":"chronological","1":"chronological","3":"random","4":"random"},"Tuning type":{"0":"normal","1":"Optuna","3":"normal","4":"Optuna"},"Number of characteristics":{"0":50,"1":50,"3":50,"4":50},"MSE":{"0":0.9272918967,"1":0.4313676748,"3":0.1378998424,"4":0.0963015193},"RMSE":{"0":0.9629599663,"1":0.6567858668,"3":0.3713486803,"4":0.3103248609},"MAE":{"0":0.4608526518,"1":0.3728348678,"3":0.2467374156,"4":0.2218851936}}