{"Split type":{"0":"chronological","1":"chronological","2":"random","3":"random"},"Tuning type":{"0":"normal","1":"Optuna","2":"normal","3":"Optuna"},"Number of characteristics":{"0":50,"1":50,"2":50,"3":50},"MSE":{"0":0.9272918967,"1":0.4015196648,"2":0.1378998424,"3":0.0904689419},"RMSE":{"0":0.9629599663,"1":0.6336557936,"2":0.3713486803,"3":0.3007805544},"MAE":{"0":0.4608526518,"1":0.3675904723,"2":0.2467374156,"3":0.2161987748}}