{"Split type":{"0":"chronological","1":"chronological","3":"random","4":"random"},"Tuning type":{"0":"normal","1":"Optuna","3":"normal","4":"Optuna"},"Number of characteristics":{"0":50,"1":50,"3":50,"4":50},"MSE":{"0":0.9272918967,"1":0.4340400927,"3":0.1378998424,"4":0.0985343868},"RMSE":{"0":0.9629599663,"1":0.6588171922,"3":0.3713486803,"4":0.3139018745},"MAE":{"0":0.2350420393,"1":0.371586999,"3":0.1529519713,"4":0.222456561}}