{"Split type":{"0":"chronological","1":"chronological","3":"random","4":"random"},"Tuning type":{"0":"normal","1":"Optuna","3":"normal","4":"Optuna"},"Number of characteristics":{"0":13,"1":13,"3":13,"4":13},"MSE":{"0":0.2608891841,"1":0.211634218,"3":0.1481114476,"4":0.1182417078},"RMSE":{"0":0.5107731239,"1":0.460037192,"3":0.3848525011,"4":0.3438629201},"MAE":{"0":0.2235893239,"1":0.3345369081,"3":0.1604948265,"4":0.2363815817}}