{"Split type":{"0":"chronological","1":"chronological","3":"random","4":"random"},"Tuning type":{"0":"normal","1":"Optuna","3":"normal","4":"Optuna"},"Number of characteristics":{"0":8,"1":8,"3":8,"4":8},"MSE":{"0":0.4475659993,"1":0.4096053723,"3":0.24301779,"4":0.2553067919},"RMSE":{"0":0.6690037364,"1":0.6400041971,"3":0.4929683459,"4":0.5052789249},"MAE":{"0":0.327606752,"1":0.4509938395,"3":0.2414636883,"4":0.3225667977}}