,Split type,Tuning type,Set of features,RMSE,MAE
0,chronological,default,full,0.5962087601005167,0.35598928998179413
1,chronological,Optuna,full,0.5550797540470194,0.3514126810192447
2,random,default,full,0.3798654927776567,0.2582359204926565
3,random,Optuna,full,0.36916397065440854,0.24020482216361153
