{"Split type":{"0":"chronological","1":"chronological","2":"random","3":"random"},"Tuning type":{"0":"normal","1":"Optuna","2":"normal","3":"Optuna"},"Number of characteristics":{"0":8,"1":8,"2":8,"3":8},"MSE":{"0":0.4475659993,"1":0.4470643006,"2":0.24301779,"3":0.277484481},"RMSE":{"0":0.6690037364,"1":0.6686286717,"2":0.4929683459,"3":0.5267679574},"MAE":{"0":0.4676039111,"1":0.4818251091,"2":0.3404953764,"3":0.3464741406}}