,Split type,Tuning type,Set of features,RMSE,MAE
0,chronological,default,full,0.9619489470067993,0.4648058118190566
1,chronological,Optuna,full,0.7257293575248093,0.41021777866321274
2,random,default,full,0.3713486802933266,0.24673741562388074
3,random,Optuna,full,0.3090176752909097,0.21495847179754551
