{"Split type":{"0":"chronological","1":"chronological","3":"random","4":"random"},"Tuning type":{"0":"normal","1":"Optuna","3":"normal","4":"Optuna"},"Number of characteristics":{"0":8,"1":8,"3":8,"4":8},"MSE":{"0":0.4475659993,"1":0.4495646119,"3":0.24301779,"4":0.2488720636},"RMSE":{"0":0.6690037364,"1":0.6704957956,"3":0.4929683459,"4":0.4988707885},"MAE":{"0":0.4676039111,"1":0.4714561778,"3":0.3404953764,"4":0.3178020868}}