,Split type,Tuning type,Set of features,RMSE,MAE
0,chronological,default,basic,0.7586112601268156,0.44789054377267135
1,chronological,Optuna,basic,0.7549961991192979,0.45914340029416123
2,random,default,basic,0.568103916317601,0.3683909492576964
3,random,Optuna,basic,0.5675880162279989,0.3649543020186023
