,Split type,Tuning type,Set of features,RMSE,MAE
0,chronological,default,basic,0.6690037363687151,0.4676039111338316
1,chronological,Optuna,basic,0.6752565902400083,0.47983546653120324
2,random,default,basic,0.48840371044363917,0.33678543057946403
3,random,Optuna,basic,0.5067535980445633,0.3331488919651997
