,Split type,Tuning type,Set of features,RMSE,MAE
0,chronological,default,full,0.9619489470067993,0.4648058118190566
1,chronological,Optuna,full,0.8039785375096785,0.4273314148919068
2,random,default,full,0.3713486802933266,0.24673741562388074
3,random,Optuna,full,0.32490594936735206,0.22870176636264702
