{"Split type":{"0":"chronological","1":"chronological","2":"random","3":"random"},"Tuning type":{"0":"normal","1":"Optuna","2":"normal","3":"Optuna"},"Number of characteristics":{"0":8,"1":8,"2":8,"3":8},"MSE":{"0":0.4475659993,"1":0.4507941674,"2":0.24301779,"3":0.2797367068},"RMSE":{"0":0.6690037364,"1":0.6714120698,"2":0.4929683459,"3":0.5289014151},"MAE":{"0":0.4676039111,"1":0.475811832,"2":0.3404953764,"3":0.3548203011}}