{"Split type":{"0":"chronological","1":"chronological","2":"random","3":"random"},"Tuning type":{"0":"normal","1":"Optuna","2":"normal","3":"Optuna"},"Number of characteristics":{"0":13,"1":13,"2":13,"3":13},"MSE":{"0":0.2608932522,"1":0.226251102,"2":0.1481114476,"3":0.1364514487},"RMSE":{"0":0.5107771062,"1":0.4756585981,"2":0.3848525011,"3":0.3693933523},"MAE":{"0":0.3572088009,"1":0.3434642392,"2":0.2672732635,"3":0.2481180248}}