{"Split type":{"0":"chronological","1":"chronological","3":"random","4":"random"},"Tuning type":{"0":"normal","1":"Optuna","3":"normal","4":"Optuna"},"Number of characteristics":{"0":8,"1":8,"3":8,"4":8},"MSE":{"0":0.4475659993,"1":0.4303002664,"3":0.2385381844,"4":0.2311216599},"RMSE":{"0":0.6690037364,"1":0.6559727635,"3":0.4884037104,"4":0.4807511414},"MAE":{"0":0.4676039111,"1":0.4512299683,"3":0.3367854306,"4":0.3122524476}}