{"Split type":{"0":"chronological","1":"chronological","2":"chronological","3":"random","4":"random","5":"random"},"Tuning type":{"0":"normal","1":"RandomizedSearchCV","2":"minimalise_overfitting","3":"normal","4":"RandomizedSearchCV","5":"minimalise_overfitting"},"Number of characteristics":{"0":8,"1":8,"2":8,"3":8,"4":8,"5":8},"MSE":{"0":2.2320467972,"1":0.4523061216,"2":0.4961573789,"3":1.6711284975,"4":0.2276456126,"5":0.2391547278},"RMSE":{"0":1.4940036135,"1":0.6725370782,"2":0.7043843971,"3":1.2927213534,"4":0.4771222198,"5":0.4890344853},"MAE":{"0":0.9709058565,"1":0.4282945205,"2":0.4608427492,"3":0.9191200426,"4":0.2993211921,"5":0.3077800772}}