{"Split type":{"0":"chronological","1":"chronological","2":"chronological","3":"random","4":"random","5":"random"},"Tuning type":{"0":"normal","1":"RandomizedSearchCV","2":"minimise_overfitting","3":"normal","4":"RandomizedSearchCV","5":"minimise_overfitting"},"Number of characteristics":{"0":13,"1":13,"2":13,"3":13,"4":13,"5":13},"MSE":{"0":2.1153966642,"1":0.2415399239,"2":0.2614213205,"3":1.5688735213,"4":0.1339081457,"5":0.1335072256},"RMSE":{"0":1.4544403268,"1":0.4914671137,"2":0.5112937712,"3":1.252546814,"4":0.3659346194,"5":0.3653864059},"MAE":{"0":1.159627704,"1":0.331716895,"2":0.345280977,"3":1.0165847495,"4":0.2384569536,"5":0.237651567}}