{"Split type":{"0":"chronological","1":"chronological","2":"chronological","3":"random","4":"random","5":"random"},"Tuning type":{"0":"normal","1":"RandomizedSearchCV","2":"minimise_overfitting","3":"normal","4":"RandomizedSearchCV","5":"minimise_overfitting"},"Number of characteristics":{"0":13,"1":13,"2":13,"3":13,"4":13,"5":13},"MSE":{"0":2.11693953,"1":0.2478313671,"2":0.2629891803,"3":1.5688735213,"4":0.1355402525,"5":0.135955073},"RMSE":{"0":1.4549706286,"1":0.4978266436,"2":0.5128247072,"3":1.252546814,"4":0.3681579179,"5":0.3687208606},"MAE":{"0":1.1601993483,"1":0.3361330724,"2":0.343928419,"3":1.0165847495,"4":0.2393874172,"5":0.2406080611}}