{"Split type":{"0":"chronological","1":"chronological","2":"chronological","3":"random","4":"random","5":"random"},"Tuning type":{"0":"normal","1":"RandomizedSearchCV","2":"minimalise_overfitting","3":"normal","4":"RandomizedSearchCV","5":"minimalise_overfitting"},"Number of characteristics":{"0":13,"1":13,"2":13,"3":13,"4":13,"5":13},"MSE":{"0":2.11693953,"1":0.2556803616,"2":0.2558010015,"3":1.5688735213,"4":0.1342250103,"5":0.1333805627},"RMSE":{"0":1.4549706286,"1":0.5056484566,"2":0.5057677348,"3":1.252546814,"4":0.3663673162,"5":0.3652130375},"MAE":{"0":1.1601993483,"1":0.3357534247,"2":0.3400951229,"3":1.0165847495,"4":0.2399006623,"5":0.2388530646}}