{"Split type":{"0":"chronological","1":"chronological","2":"chronological","3":"random","4":"random","5":"random"},"Tuning type":{"0":"normal","1":"RandomizedSearchCV","2":"minimise_overfitting","3":"normal","4":"RandomizedSearchCV","5":"minimise_overfitting"},"Number of characteristics":{"0":8,"1":8,"2":8,"3":8,"4":8,"5":8},"MSE":{"0":2.2320467972,"1":0.456063331,"2":0.4698008217,"3":1.6711284975,"4":0.2308322968,"5":0.2321955259},"RMSE":{"0":1.4940036135,"1":0.6753246116,"2":0.685420179,"3":1.2927213534,"4":0.4804500981,"5":0.4818667096},"MAE":{"0":1.1914953894,"1":0.4325980974,"2":0.442447834,"3":1.0495082755,"4":0.3051957094,"5":0.3016716174}}