,Split type,Tuning type,Set of features,RMSE,MAE
0,chronological,default,full,1.5949483638561155,1.2531554907441682
1,chronological,RandomizedSearchCV,full,0.5733572137532386,0.3353496447028424
2,chronological,minimize_overfitting,full,0.6033239905471706,0.36163480560313827
3,random,default,full,1.4660609886315543,1.1738411136130122
4,random,RandomizedSearchCV,full,0.3620052955618045,0.2262448494385114
5,random,minimize_overfitting,full,0.38003025927516765,0.2330225433780847
