{"Split type":{"0":"chronological","1":"chronological","2":"chronological","3":"random","4":"random","5":"random"},"Tuning type":{"0":"normal","1":"RandomizedSearchCV","2":"minimise_overfitting","3":"normal","4":"RandomizedSearchCV","5":"minimise_overfitting"},"Number of characteristics":{"0":50,"1":50,"2":50,"3":50,"4":50,"5":50},"MSE":{"0":5.0522913139,"1":0.6824089534,"2":1.0104276526,"3":1.5118521544,"4":0.11747624,"5":0.1258309583},"RMSE":{"0":2.2477302583,"1":0.8260804764,"2":1.0052003047,"3":1.2295739727,"4":0.3427480708,"5":0.3547265965},"MAE":{"0":1.4549322469,"1":0.4373424658,"2":0.4779721977,"3":0.9964614122,"4":0.2250331126,"5":0.2276671086}}