{"Split type":{"0":"chronological","1":"chronological","2":"chronological","3":"random","4":"random","5":"random"},"Tuning type":{"0":"normal","1":"RandomizedSearchCV","2":"minimise_overfitting","3":"normal","4":"RandomizedSearchCV","5":"minimise_overfitting"},"Number of characteristics":{"0":8,"1":8,"2":8,"3":8,"4":8,"5":8},"MSE":{"0":2.2320467972,"1":0.4559278787,"2":0.4621146573,"3":1.6711284975,"4":0.2251622881,"5":0.227050948},"RMSE":{"0":1.4940036135,"1":0.6752243173,"2":0.6797901568,"3":1.2927213534,"4":0.4745126849,"5":0.4764986337},"MAE":{"0":1.1914953894,"1":0.4326211665,"2":0.4392026189,"3":1.0495082755,"4":0.3017021461,"5":0.3003864023}}