,Split type,Tuning type,Set of features,RMSE,MAE
0,chronological,default,full,2.2477726972803413,1.4549322469293788
1,chronological,RandomizedSearchCV,full,0.9953236246609538,0.47312328767123285
2,chronological,minimize_overfitting,full,1.0024997178525425,0.48056615571080147
3,random,default,full,1.2295576695173185,0.9964614122272198
4,random,RandomizedSearchCV,full,0.33177708596015476,0.22014900662251655
5,random,minimize_overfitting,full,0.35573920661759845,0.22885119762088163
