{"Split type":{"0":"chronological","1":"chronological","2":"chronological","3":"random","4":"random","5":"random"},"Tuning type":{"0":"normal","1":"RandomizedSearchCV","2":"minimise_overfitting","3":"normal","4":"RandomizedSearchCV","5":"minimise_overfitting"},"Number of characteristics":{"0":50,"1":50,"2":50,"3":50,"4":50,"5":50},"MSE":{"0":5.0527978034,"1":0.68971378,"2":0.9996892517,"3":1.5116616828,"4":0.1232895423,"5":0.125548965},"RMSE":{"0":2.2478429223,"1":0.8304900842,"2":0.9998446138,"3":1.229496516,"4":0.351126106,"5":0.3543288938},"MAE":{"0":1.4548981826,"1":0.4386952055,"2":0.481022933,"3":0.9964614122,"4":0.2294744814,"5":0.2283724142}}