,Split type,Tuning type,Set of features,RMSE,MAE
0,chronological,default,full,1.5949483638561157,1.253155490744168
1,chronological,RandomizedSearchCV,full,0.5576292326456868,0.3343986191860465
3,random,default,full,1.466060988631554,1.1738411136130122
4,random,RandomizedSearchCV,full,0.3693651901930261,0.2275359815744478
