,Split type,Tuning type,Set of features,RMSE,MAE
0,chronological,default,full,1.5949483638561157,1.2531554907441682
1,chronological,RandomizedSearchCV,full,0.5561056694774833,0.3351974321705426
2,chronological,minimise_overfitting,full,0.6075140343521673,0.362355287026711
3,random,default,full,1.4660609886315543,1.1738411136130122
4,random,RandomizedSearchCV,full,0.3666273045132547,0.2266649378106244
5,random,minimise_overfitting,full,0.3775573967061415,0.23079823823836462
