{"Split type":{"0":"chronological","1":"chronological","2":"chronological","3":"random","4":"random","5":"random"},"Tuning type":{"0":"normal","1":"RandomizedSearchCV","2":"minimalise_overfitting","3":"normal","4":"RandomizedSearchCV","5":"minimalise_overfitting"},"Number of characteristics":{"0":50,"1":50,"2":50,"3":50,"4":50,"5":50},"MSE":{"0":5.0525161893,"1":0.6934185916,"2":0.7246625758,"3":1.5117769024,"4":0.1114530004,"5":0.1094222982},"RMSE":{"0":2.2477802805,"1":0.8327175942,"2":0.8512711529,"3":1.2295433715,"4":0.3338457734,"5":0.3307904142},"MAE":{"0":0.9977189952,"1":0.438359589,"2":0.4485064634,"3":0.9195333789,"4":0.2207710501,"5":0.221413514}}