,Split type,Tuning type,Set of features,RMSE,MAE
0,chronological,default,full,2.2478429223160785,1.4548981826109524
1,chronological,RandomizedSearchCV,full,0.839817416555935,0.43984109589041087
2,chronological,minimise_overfitting,full,1.0001351971765902,0.4759169132424318
3,random,default,full,1.2294965159583535,0.9964614122272198
4,random,RandomizedSearchCV,full,0.33072481393811265,0.21959318826868496
5,random,minimise_overfitting,full,0.3563121827620793,0.2300851749184249
