{"Split type":{"0":"chronological","1":"chronological","2":"chronological","3":"random","4":"random","5":"random"},"Tuning type":{"0":"normal","1":"RandomizedSearchCV","2":"minimalise_overfitting","3":"normal","4":"RandomizedSearchCV","5":"minimalise_overfitting"},"Number of characteristics":{"0":13,"1":13,"2":13,"3":13,"4":13,"5":13},"MSE":{"0":2.1153966642,"1":0.2465062455,"2":0.2600108624,"3":1.5688735213,"4":0.1330266815,"5":0.134381929},"RMSE":{"0":1.4544403268,"1":0.4964939531,"2":0.5099126028,"3":1.252546814,"4":0.3647282296,"5":0.3665814084},"MAE":{"0":1.159627704,"1":0.3342465753,"2":0.3422108811,"3":1.0165847495,"4":0.2369826159,"5":0.2379827095}}