{"Split type":{"0":"chronological","1":"chronological","2":"chronological","3":"random","4":"random","5":"random"},"Tuning type":{"0":"normal","1":"RandomizedSearchCV","2":"minimalise_overfitting","3":"normal","4":"RandomizedSearchCV","5":"minimalise_overfitting"},"Number of characteristics":{"0":13,"1":13,"2":13,"3":13,"4":13,"5":13},"MSE":{"0":2.1153966642,"1":0.2446346603,"2":0.2589350459,"3":1.5688735213,"4":0.1250928549,"5":0.1335884393},"RMSE":{"0":1.4544403268,"1":0.4946055604,"2":0.5088566064,"3":1.252546814,"4":0.3536846829,"5":0.365497523},"MAE":{"0":1.159627704,"1":0.3322857143,"2":0.3408390658,"3":1.0165847495,"4":0.2335720199,"5":0.23822865}}