,Split type,Tuning type,Set of features,RMSE,MAE
0,chronological,default,basic,1.624714418101114,1.2696173326984603
1,chronological,RandomizedSearchCV,basic,0.7397734817718101,0.4208545580538417
2,chronological,minimize_overfitting,basic,0.7549268375345475,0.44693313053454015
3,random,default,basic,1.5477696617996661,1.2449155490138233
4,random,RandomizedSearchCV,basic,0.5299489595071283,0.31691175123598414
5,random,minimize_overfitting,basic,0.535815172305421,0.321880783698631
