{"Split type":{"0":"chronological","1":"chronological","2":"chronological","3":"random","4":"random","5":"random"},"Tuning type":{"0":"normal","1":"RandomizedSearchCV","2":"minimise_overfitting","3":"normal","4":"RandomizedSearchCV","5":"minimise_overfitting"},"Number of characteristics":{"0":8,"1":8,"2":8,"3":8,"4":8,"5":8},"MSE":{"0":2.2320467972,"1":0.4609681465,"2":0.4633602775,"3":1.6711284975,"4":0.2304570623,"5":0.2286623861},"RMSE":{"0":1.4940036135,"1":0.6789463502,"2":0.6807057202,"3":1.2927213534,"4":0.4800594362,"5":0.47818656},"MAE":{"0":1.1914953894,"1":0.4319882583,"2":0.4397164729,"3":1.0495082755,"4":0.3030008278,"5":0.3028146084}}