{"Split type":{"0":"chronological","1":"chronological","2":"chronological","3":"random","4":"random","5":"random"},"Tuning type":{"0":"normal","1":"RandomizedSearchCV","2":"minimalise_overfitting","3":"normal","4":"RandomizedSearchCV","5":"minimalise_overfitting"},"Number of characteristics":{"0":13,"1":13,"2":13,"3":13,"4":13,"5":13},"MSE":{"0":2.11693953,"1":0.2439801677,"2":0.2602886188,"3":1.5688735213,"4":0.1337634468,"5":0.1349843359},"RMSE":{"0":1.4549706286,"1":0.4939434864,"2":0.5101848869,"3":1.252546814,"4":0.3657368546,"5":0.3674021447},"MAE":{"0":0.922726856,"1":0.3315264188,"2":0.3449898388,"3":0.896872948,"4":0.2377028146,"5":0.2391470666}}