{"Split type":{"0":"chronological","1":"chronological","2":"chronological","3":"random","4":"random","5":"random"},"Tuning type":{"0":"normal","1":"RandomizedSearchCV","2":"minimalise_overfitting","3":"normal","4":"RandomizedSearchCV","5":"minimalise_overfitting"},"Number of characteristics":{"0":8,"1":8,"2":8,"3":8,"4":8,"5":8},"MSE":{"0":2.2320467972,"1":0.4625710445,"2":0.4635178622,"3":1.6711284975,"4":0.229224255,"5":0.2301990308},"RMSE":{"0":1.4940036135,"1":0.6801257564,"2":0.6808214613,"3":1.2927213534,"4":0.4787736991,"5":0.4797906114},"MAE":{"0":1.1914953894,"1":0.4335273973,"2":0.4408877496,"3":1.0495082755,"4":0.3012334437,"5":0.3024538489}}