,Split type,Tuning type,Set of features,RMSE,MAE
0,chronological,default,expanded,1.59582966909822,1.254124419769574
1,chronological,RandomizedSearchCV,expanded,0.5890267496138104,0.3556425908622493
2,chronological,minimise_overfitting,expanded,0.6155267991281491,0.38206543302264245
3,random,default,expanded,1.4712122545274757,1.1773670320327951
4,random,RandomizedSearchCV,expanded,0.4082591481321122,0.2497133945487034
5,random,minimise_overfitting,expanded,0.40935450548842195,0.2515295750258042
