{"Split type":{"0":"chronological","1":"chronological","2":"chronological","3":"random","4":"random","5":"random"},"Tuning type":{"0":"normal","1":"RandomizedSearchCV","2":"minimalise_overfitting","3":"normal","4":"RandomizedSearchCV","5":"minimalise_overfitting"},"Number of characteristics":{"0":50,"1":50,"2":50,"3":50,"4":50,"5":50},"MSE":{"0":5.05238571,"1":0.6948077479,"2":0.9929182341,"3":1.5118120627,"4":0.1112026387,"5":0.1299325649},"RMSE":{"0":2.2477512563,"1":0.8335512869,"2":0.9964528258,"3":1.2295576695,"4":0.3334705964,"5":0.3604615997},"MAE":{"0":1.4548981826,"1":0.4401041096,"2":0.4774594985,"3":0.9964614122,"4":0.2209519868,"5":0.2310706569}}