{"Split type":{"0":"chronological","1":"chronological","2":"chronological","3":"random","4":"random","5":"random"},"Tuning type":{"0":"normal","1":"RandomizedSearchCV","2":"minimalise_overfitting","3":"normal","4":"RandomizedSearchCV","5":"minimalise_overfitting"},"Number of characteristics":{"0":50,"1":50,"2":50,"3":50,"4":50,"5":50},"MSE":{"0":5.0525337165,"1":0.7081007325,"2":0.7035538397,"3":1.5118521544,"4":0.1147360397,"5":0.110605948},"RMSE":{"0":2.2477841792,"1":0.8414872147,"2":0.8387811632,"3":1.2295739727,"4":0.3387270874,"5":0.3325747254},"MAE":{"0":1.4549650052,"1":0.44,"2":0.4469544934,"3":0.9964614122,"4":0.2229337748,"5":0.2206966522}}