{"Split type":{"0":"chronological","1":"chronological","2":"chronological","3":"random","4":"random","5":"random"},"Tuning type":{"0":"normal","1":"RandomizedSearchCV","2":"minimise_overfitting","3":"normal","4":"RandomizedSearchCV","5":"minimise_overfitting"},"Number of characteristics":{"0":13,"1":13,"2":13,"3":13,"4":13,"5":13},"MSE":{"0":2.1153966642,"1":0.2523728457,"2":0.2642897741,"3":1.5688735213,"4":0.1339672444,"5":0.1346838559},"RMSE":{"0":1.4544403268,"1":0.5023672419,"2":0.5140912118,"3":1.252546814,"4":0.3660153609,"5":0.3669929917},"MAE":{"0":1.159627704,"1":0.3313517055,"2":0.344461102,"3":1.0165847495,"4":0.2398634106,"5":0.2401316605}}