{"Split type":{"0":"chronological","1":"chronological","2":"chronological","3":"random","4":"random","5":"random"},"Tuning type":{"0":"normal","1":"RandomizedSearchCV","2":"minimise_overfitting","3":"normal","4":"RandomizedSearchCV","5":"minimise_overfitting"},"Number of characteristics":{"0":50,"1":50,"2":50,"3":50,"4":50,"5":50},"MSE":{"0":5.0522913139,"1":0.6702661918,"2":1.0050436623,"3":1.5118521544,"4":0.1120785234,"5":0.1262842612},"RMSE":{"0":2.2477302583,"1":0.8186978635,"2":1.0025186593,"3":1.2295739727,"4":0.3347813068,"5":0.355364969},"MAE":{"0":1.4549322469,"1":0.4356054795,"2":0.4788462795,"3":0.9964614122,"4":0.2217177152,"5":0.2278177392}}