,Split type,Tuning type,Set of features,RMSE,MAE
0,chronological,default,expanded,1.59582966909822,1.2541244197695742
1,chronological,RandomizedSearchCV,expanded,0.6051735371938215,0.35817206918297034
3,random,default,expanded,1.4712122545274757,1.1773670320327951
4,random,RandomizedSearchCV,expanded,0.4061556376355424,0.25042995736657714
