{"Split type":{"0":"chronological","1":"chronological","2":"chronological","3":"random","4":"random","5":"random"},"Tuning type":{"0":"normal","1":"RandomizedSearchCV","2":"minimalise_overfitting","3":"normal","4":"RandomizedSearchCV","5":"minimalise_overfitting"},"Number of characteristics":{"0":8,"1":8,"2":8,"3":8,"4":8,"5":8},"MSE":{"0":2.2320467972,"1":0.4503801957,"2":0.4875400977,"3":1.6711284975,"4":0.2344220716,"5":0.2384571737},"RMSE":{"0":1.4940036135,"1":0.6711037146,"2":0.6982407162,"3":1.2927213534,"4":0.4841715312,"5":0.4883207692},"MAE":{"0":1.1914953894,"1":0.4300195695,"2":0.4606921432,"3":1.0495082755,"4":0.3033443709,"5":0.306530085}}