,Split type,Tuning type,Set of features,RMSE,MAE
0,chronological,default,basic,1.4940036135028383,1.1914953894274922
1,chronological,RandomizedSearchCV,basic,0.67548083910069,0.4308101761252447
2,chronological,minimise_overfitting,basic,0.6767191112136448,0.4343976593852594
3,random,default,basic,1.292721353373297,1.049508275484858
4,random,RandomizedSearchCV,basic,0.4838858074108875,0.30273730684326705
5,random,minimise_overfitting,basic,0.47871026237351727,0.3003214479425987
